objid,ra,dec,u,g,r,i,z,veldisp,PetroRad_r,specobjid,redshift,deVRad_r,fracDev_r,expRad_r,SNoise,ptype,sclass
1.24E+18,195.055934,28.05328717,20.0486,18.07463,17.5831,17.29564,17.12518,0,10.48488,2.52E+18,0.02716134,13.28639,0.3447053,5.57706,12.10391,GALAXY,GALAXY
1.24E+18,195.0764268,28.05928791,19.60471,18.03475,17.45122,17.15465,17.01253,0,6.068497,2.52E+18,0.03324928,6.375986,0.1395812,2.885166,15.29751,GALAXY,GALAXY
1.24E+18,195.0431199,27.95906801,19.76697,18.02793,17.51078,17.23524,16.93896,0,5.827232,2.52E+18,0.02111432,8.43349,0.085513,3.635255,15.66896,GALAXY,GALAXY
1.24E+18,194.9490363,28.09788608,20.03379,18.44027,17.75051,17.39725,17.17986,0,4.581823,2.52E+18,0.02126406,4.587257,0.1543537,2.145145,12.25847,GALAXY,GALAXY
1.24E+18,194.9144886,27.85459842,18.26009,16.85169,16.19441,15.88418,15.78627,0,14.32591,2.52E+18,0.03134233,19.12287,0.4056717,7.100106,12.47761,GALAXY,GALAXY
1.24E+18,194.6839628,28.04896315,20.03438,18.21066,17.55451,17.20229,16.9656,0,7.106353,2.52E+18,0.0295911,8.356043,0.1781637,3.573308,12.63118,GALAXY,GALAXY
1.24E+18,195.0335801,27.77331811,18.49705,17.1547,16.89772,16.72731,16.63543,0,6.79944,2.52E+18,0.02892486,9.167628,0.2379713,3.877895,21.6893,GALAXY,GALAXY
1.24E+18,194.7912847,28.16449826,20.36849,18.16009,17.59629,17.29842,17.19918,0,6.967697,2.52E+18,0.02867174,10.57907,0.1501247,4.561939,10.56943,GALAXY,GALAXY
1.24E+18,194.6503324,27.87288817,19.47641,18.08342,17.39695,17.08869,16.83411,0,11.92105,2.52E+18,0.02366776,18.29707,0.02676393,6.321416,5.307519,GALAXY,GALAXY
1.24E+18,194.6894111,27.87995787,20.00197,18.38688,17.66625,17.34173,17.11739,0,5.231133,2.52E+18,0.0282389,5.116285,0.1737584,2.38137,12.34574,GALAXY,GALAXY
1.24E+18,195.2131505,28.04713891,18.47201,16.54981,15.85128,15.51661,15.34525,0,21.08697,2.52E+18,0.0211638,16.10263,1,5.776448,16.33334,GALAXY,GALAXY
1.24E+18,195.2735644,28.06205662,19.13371,17.70729,17.1803,16.91357,16.76915,0,5.020844,2.52E+18,0.02479465,4.505288,0.5853723,2.383823,17.25892,GALAXY,GALAXY
1.24E+18,195.3123189,28.52175465,18.44625,17.41726,17.11725,16.9079,16.88428,0,12.09223,2.26E+18,0.02813301,19.12099,0.06512091,6.038034,6.144579,GALAXY,GALAXY
1.24E+18,195.0592406,28.45806562,20.03637,18.43085,17.74685,17.44919,17.26569,0,8.244308,2.26E+18,0.02610259,10.77624,0.1325024,3.769132,7.572242,GALAXY,GALAXY
1.24E+18,194.5627684,28.52178256,17.74952,16.72344,16.35831,16.19261,16.0774,0,8.479206,2.26E+18,0.02303872,5.996797,0.8110917,2.619955,19.13437,GALAXY,GALAXY
1.24E+18,195.0466681,27.46008398,19.84763,18.32664,17.62506,17.28746,17.07573,0,4.145047,2.52E+18,0.0228227,4.200266,0.06776372,2.146757,17.05757,GALAXY,GALAXY
1.24E+18,194.4593172,28.17035867,18.17138,17.18055,17.06565,16.97388,16.88202,0,8.360636,2.52E+18,0.02307632,10.44251,0.1460983,4.176021,13.3344,GALAXY,GALAXY
1.24E+18,194.2704238,27.67737521,19.95734,18.27033,17.59672,17.27145,17.0582,0,7.989684,2.52E+18,0.02608517,8.254678,0.3643186,3.25151,14.32631,GALAXY,GALAXY
1.24E+18,194.3646268,27.63625516,18.80682,17.27564,16.63556,16.32752,16.11056,0,7.077955,2.52E+18,0.02682374,6.121056,0.6495674,3.00359,23.32195,GALAXY,GALAXY
1.24E+18,194.3481999,27.54993549,19.41353,17.74271,17.09574,16.76495,16.52191,0,6.400466,2.52E+18,0.02013972,9.07341,0.1291519,3.649969,14.12625,GALAXY,GALAXY
1.24E+18,194.7232067,28.28898864,19.34335,17.86364,17.20823,16.88359,16.68181,0,12.41323,2.52E+18,0.02616505,19.12413,0.03845748,6.256351,5.433428,GALAXY,GALAXY
1.24E+18,194.3801461,28.01842436,19.47853,18.02943,17.42334,17.07341,16.88832,0,8.808208,2.52E+18,0.02351467,11.07088,0.3180023,4.125065,9.654984,GALAXY,GALAXY
1.24E+18,195.1352684,28.25605092,19.01409,17.42036,16.71461,16.38325,16.11663,0,13.08537,2.52E+18,0.02095639,13.16307,0.4516107,4.915137,9.691214,GALAXY,GALAXY
1.24E+18,194.6897611,27.75387876,18.77155,17.3791,16.69904,16.35504,16.13082,0,9.729978,2.52E+18,0.02209566,8.381367,0.4134593,3.458389,11.54481,GALAXY,GALAXY
1.24E+18,195.5473387,28.17245671,18.38856,17.21059,16.92341,16.96816,16.87861,0,14.34103,2.52E+18,0.02988449,23.82542,0,8.217093,5.763989,GALAXY,GALAXY
1.24E+18,195.188355,27.74701676,19.56878,18.06635,17.56057,17.31568,17.14826,0,10.71627,2.52E+18,0.03112869,14.66447,0.2602725,6.109964,9.147051,GALAXY,GALAXY
1.24E+18,195.6042936,27.97225817,19.77698,17.99902,17.2936,16.95601,16.68383,0,8.753395,2.52E+18,0.02742219,8.290472,0.41337,3.439477,7.571627,GALAXY,GALAXY
1.24E+18,195.2742327,27.70888282,20.06968,18.42316,17.75173,17.49237,17.24548,0,8.665166,2.52E+18,0.0291256,12.28772,0.1004689,4.083204,6.253137,GALAXY,GALAXY
1.24E+18,195.4286492,27.74756294,18.07942,17.07091,16.67542,16.43595,16.26155,0,5.170052,2.52E+18,0.0354218,6.016654,0,2.766948,18.60128,GALAXY,GALAXY
1.24E+18,195.5589453,28.50710772,20.64008,18.63344,17.89418,17.6019,17.41663,0,10.09339,2.26E+18,0.02266421,14.57999,0.2689195,5.112411,6.139821,GALAXY,GALAXY
1.24E+18,195.4492624,28.66020969,19.40382,17.93506,17.25305,16.9416,16.71833,0,8.405428,2.26E+18,0.02872291,9.610718,0.2509018,3.698612,10.28318,GALAXY,GALAXY
1.24E+18,194.3238446,28.43882427,20.49359,18.51148,17.7897,17.42526,17.18087,0,5.513331,2.26E+18,0.02304223,5.841706,0.3052228,2.546649,10.33074,GALAXY,GALAXY
1.24E+18,194.2116921,27.62783943,19.25435,17.81609,17.17318,16.86858,16.70152,0,5.48503,2.52E+18,0.02698101,4.702933,0.2298161,2.306192,19.67264,GALAXY,GALAXY
1.24E+18,195.4628207,27.41184997,19.51725,18.22493,17.65226,17.31537,17.36303,0,10.92501,2.52E+18,0.02022178,22.6196,0.06665157,7.731547,5.966214,GALAXY,GALAXY
1.24E+18,195.0651454,27.25667214,19.89314,18.32246,17.72622,17.39576,17.21173,0,8.619114,2.52E+18,0.02378349,12.25879,0.03253591,4.170225,6.54291,GALAXY,GALAXY
1.24E+18,195.553278,28.21483733,16.48244,15.48767,15.08739,14.86854,14.6811,12.53028,11.24461,2.52E+18,0.02730983,11.40253,0.2521591,5.24984,34.17828,GALAXY,GALAXY
1.24E+18,194.3945386,27.31032147,19.32509,17.80617,17.0658,16.72196,16.45985,12.60404,5.405207,2.52E+18,0.02484694,5.045677,0.2728131,2.362234,16.54902,GALAXY,GALAXY
1.24E+18,195.3910253,27.91110245,18.78778,17.34094,16.71564,16.40465,16.28751,13.16023,12.49292,2.52E+18,0.02189211,20.22074,0.09561722,7.101401,9.089374,GALAXY,GALAXY
1.24E+18,194.9644207,28.07348075,18.88881,17.09958,16.33121,15.96352,15.69099,13.35883,9.742753,2.52E+18,0.02498956,10.63796,0.2385859,4.428126,21.24967,GALAXY,GALAXY
1.24E+18,194.5758732,27.84848889,18.78283,17.3327,17.03409,16.85532,16.77478,13.6618,7.858618,2.52E+18,0.02528228,10.62613,0.2780572,4.571064,18.01226,GALAXY,GALAXY
1.24E+18,195.5250336,27.76511684,19.20013,17.65988,17.01362,16.67555,16.42629,13.69037,5.855915,2.52E+18,0.02414318,6.694459,0.5517145,3.347181,17.7047,GALAXY,GALAXY
1.24E+18,195.0176933,28.1551073,19.61666,17.77264,17.11055,16.75231,16.54024,13.72924,4.96942,2.52E+18,0.02191547,4.11988,0.5476924,2.266717,22.42627,GALAXY,GALAXY
1.24E+18,195.5390321,27.589357,19.18611,17.66507,16.98764,16.67262,16.45551,14.12122,5.084751,2.52E+18,0.02153221,3.004294,0.8469425,1.640498,20.07075,GALAXY,GALAXY
1.24E+18,194.6622687,27.95386867,18.94499,17.28002,16.60296,16.25169,15.98018,14.16261,6.832524,2.52E+18,0.0199885,7.516132,0.4261034,3.750334,27.38286,GALAXY,GALAXY
1.24E+18,194.1537393,27.88488683,19.55179,18.01067,17.32007,16.98899,16.7176,14.61086,8.976295,2.52E+18,0.0210654,12.53396,0.2317716,4.907761,12.87588,GALAXY,GALAXY
1.24E+18,194.9428307,27.74624988,19.24563,17.85508,17.5057,17.36007,17.22861,14.66934,6.861042,2.52E+18,0.03240589,8.277819,0.3157704,3.716937,14.96771,GALAXY,GALAXY
1.24E+18,194.8754773,28.70012844,19.42789,17.91781,17.16039,16.81615,16.52843,15.15795,5.036897,2.26E+18,0.02368247,3.813694,0.4475406,2.020594,17.7083,GALAXY,GALAXY
1.24E+18,194.5855444,27.42938295,18.9162,17.51569,16.92482,16.62136,16.34416,15.20229,6.290564,2.52E+18,0.02515607,6.986651,0.3460805,3.128825,21.06211,GALAXY,GALAXY
1.24E+18,194.7358682,27.82198462,18.60806,17.28269,16.65305,16.33567,16.12188,15.28741,5.506527,2.52E+18,0.02904657,7.560971,0,3.100745,23.52205,GALAXY,GALAXY
1.24E+18,195.1246916,27.77025219,19.50364,17.963,17.27838,16.95526,16.73085,15.33653,5.931475,2.52E+18,0.02787676,6.096306,0.4514653,2.56673,12.12419,GALAXY,GALAXY
1.24E+18,194.1680856,28.21775768,18.78763,17.52945,17.06043,16.81587,16.65247,15.74463,5.995286,2.52E+18,0.0277229,7.939236,0.09360047,3.736502,15.85992,GALAXY,GALAXY
1.24E+18,194.4387602,27.90597721,19.25643,18.00584,17.58319,17.33132,17.18377,15.91101,6.521648,2.52E+18,0.02702302,7.319747,0.1663465,2.921357,12.62733,GALAXY,GALAXY
1.24E+18,194.471376,27.70730629,18.6972,17.07985,16.34026,15.97815,15.72174,16.61741,10.78723,2.52E+18,0.02151302,10.96656,0.6124764,4.637725,15.74496,GALAXY,GALAXY
1.24E+18,194.3029353,28.13365464,19.81488,18.32282,17.67496,17.40915,17.12919,17.62277,8.90296,2.52E+18,0.02324305,14.30266,0.08044718,4.784408,5.85697,GALAXY,GALAXY
1.24E+18,195.1284969,27.30017969,19.88354,18.42444,17.76721,17.47078,17.28835,18.48104,11.74887,2.52E+18,0.02564163,16.28162,0.1890664,5.016371,5.203822,GALAXY,GALAXY
1.24E+18,194.8321478,27.9735003,19.02406,17.47196,16.77406,16.41721,16.25557,18.50576,8.528809,2.52E+18,0.02412798,8.52919,0.6062064,3.523975,16.92532,GALAXY,GALAXY
1.24E+18,195.0062137,27.73126285,18.68675,17.17489,16.5204,16.19956,15.99172,18.61863,11.79248,2.52E+18,0.02691501,13.55523,0.3661807,5.16613,16.79508,GALAXY,GALAXY
1.24E+18,195.3243468,28.09707384,19.90666,18.18926,17.48994,17.12665,16.92632,18.75781,6.428755,2.52E+18,0.02682218,6.851412,0.398843,3.205695,14.4587,GALAXY,GALAXY
1.24E+18,195.4468314,27.62179197,18.95915,17.28118,16.54154,16.21778,15.99343,19.05418,9.965858,2.52E+18,0.02598125,10.11898,0.3886034,4.037148,13.76389,GALAXY,GALAXY
1.24E+18,194.7114892,27.99554658,19.52582,17.93322,17.20323,16.881,16.67477,19.50215,6.046327,2.52E+18,0.02235485,4.443264,0.6349483,2.213188,14.20572,GALAXY,GALAXY
1.24E+18,195.453551,28.17194833,18.25923,16.57141,15.87029,15.53859,15.29475,19.5808,10.39165,2.52E+18,0.02541527,12.32081,0.4736203,4.78154,22.21807,GALAXY,GALAXY
1.24E+18,194.6289877,28.23362218,18.15815,16.67622,15.98595,15.6296,15.38422,19.78504,10.71957,2.52E+18,0.02429386,10.50129,0.4415331,4.428777,21.21485,GALAXY,GALAXY
1.24E+18,194.260775,27.65668437,18.71654,17.16516,16.46551,16.15047,15.88831,20.08796,7.473501,2.52E+18,0.02266375,6.572195,0.5344916,3.034638,19.55997,GALAXY,GALAXY
1.24E+18,194.1185914,28.08253919,18.23234,16.59009,15.9239,15.57786,15.29602,20.16164,6.940358,2.52E+18,0.02326831,5.709216,0.6525581,3.009741,31.07059,GALAXY,GALAXY
1.24E+18,195.0426533,27.86394849,18.18785,16.52403,15.93723,15.6403,15.40643,20.48641,7.671421,2.52E+18,0.03311475,7.483222,0.3543515,3.614824,32.46589,GALAXY,GALAXY
1.24E+18,194.6063689,28.12892421,17.11033,16.09477,15.66263,15.40301,15.20162,20.57517,11.68576,2.52E+18,0.02736316,11.10497,0.3986593,4.515236,23.6479,GALAXY,GALAXY
1.24E+18,194.9656611,28.09852596,18.95726,17.13949,16.4085,16.02549,15.73754,20.75407,7.006902,2.52E+18,0.0255109,5.830349,0.5344312,2.898606,17.27145,GALAXY,GALAXY
1.24E+18,194.7269113,28.22296621,20.0447,18.33109,17.67385,17.32947,17.07931,20.75922,7.508302,2.52E+18,0.0236324,8.13048,0.2216183,3.055885,11.51019,GALAXY,GALAXY
1.24E+18,195.1402931,27.63774811,15.92783,15.11517,14.81257,14.64726,14.49516,21.01827,13.9575,2.52E+18,0.02496448,14.23999,0.4177769,6.284003,29.09951,GALAXY,GALAXY
1.24E+18,194.9625034,27.83295091,18.80699,17.1495,16.40223,16.04786,15.77363,21.33025,6.742218,2.52E+18,0.02634456,8.69407,0.3587909,3.982427,25.50739,GALAXY,GALAXY
1.24E+18,195.1161044,27.27178668,20.2196,18.50759,17.80012,17.46572,17.23975,21.82041,3.611929,2.52E+18,0.02587094,2.816061,0.2341711,1.743412,15.96127,GALAXY,GALAXY
1.24E+18,194.3316435,27.61378509,19.04628,17.56977,16.99364,16.73182,16.51716,22.25578,6.829028,2.52E+18,0.02589621,9.259653,0.3318343,4.029244,16.23443,GALAXY,GALAXY
1.24E+18,195.1049153,27.55226013,18.66869,17.14599,16.44295,16.07901,15.81751,22.4159,7.010466,2.52E+18,0.0242378,8.466953,0.2027497,3.745482,27.09411,GALAXY,GALAXY
1.24E+18,194.6734414,28.18549134,19.49325,17.80676,17.12463,16.75904,16.49357,23.32345,9.944489,2.52E+18,0.02682729,12.32157,0.2524145,4.403609,12.59941,GALAXY,GALAXY
1.24E+18,194.7039191,28.53999796,19.46698,17.87663,17.19435,16.87058,16.65497,23.37307,7.247965,2.26E+18,0.02096941,9.889421,0.09077734,3.731968,11.61375,GALAXY,GALAXY
1.24E+18,195.5180836,27.69954991,19.07482,17.52224,16.84757,16.53136,16.3221,23.65266,5.876401,2.52E+18,0.02337415,4.969039,0.5836504,2.464261,18.04814,GALAXY,GALAXY
1.24E+18,194.7785252,27.77245489,18.92367,17.22174,16.48382,16.10402,15.89487,24.01356,8.723175,2.52E+18,0.02083039,4.284105,1,2.212879,27.48827,GALAXY,GALAXY
1.24E+18,195.430341,28.29778659,19.7094,18.1617,17.49367,17.16933,16.90554,24.45341,4.399308,2.52E+18,0.02565928,4.307901,0.3815649,2.124133,18.80157,GALAXY,GALAXY
1.24E+18,195.4128669,28.24587681,18.63139,17.19608,16.56249,16.26174,16.03108,24.49751,7.640691,2.52E+18,0.02533837,7.82952,0.5914255,3.190449,19.79134,GALAXY,GALAXY
1.24E+18,194.8124345,28.25101794,17.67911,16.33323,16.05257,15.85681,15.7491,24.54268,12.44779,2.52E+18,0.02480188,14.98179,0.4450624,5.530771,14.89551,GALAXY,GALAXY
1.24E+18,194.5725217,28.04007974,19.28084,17.61971,16.92653,16.55096,16.29012,24.92111,6.195915,2.52E+18,0.02065441,5.123668,0.3554375,2.38821,19.55604,GALAXY,GALAXY
1.24E+18,194.5119405,27.97834977,19.35923,17.83108,17.14314,16.77095,16.51679,25.04011,5.570383,2.52E+18,0.02190111,5.995058,0.3508958,2.888754,17.9954,GALAXY,GALAXY
1.24E+18,194.5987624,28.32880566,21.9301,17.61975,16.85174,16.48771,18.90207,25.65016,5.602068,2.52E+18,0.02729973,5.097304,0.2519685,2.292458,22.76644,GALAXY,GALAXY
1.24E+18,195.8801404,28.09230542,18.32149,16.5535,15.81516,15.46568,15.19782,25.82443,9.041073,2.52E+18,0.02111703,12.65381,0,5.705654,22.12578,GALAXY,GALAXY
1.24E+18,194.4018511,28.07704283,18.36918,16.561,15.8541,15.494,15.23847,26.67253,10.51897,2.52E+18,0.0224864,11.12138,0.3344311,4.755255,23.57872,GALAXY,GALAXY
1.24E+18,195.0568108,27.86717683,18.51865,16.85977,16.13733,15.77353,15.54597,26.71401,11.81533,2.52E+18,0.02468401,9.405168,0.6658874,3.830489,18.18636,GALAXY,GALAXY
1.24E+18,194.5486074,27.54248251,19.33944,17.9579,17.19136,16.87217,16.55578,26.72335,9.264271,2.52E+18,0.02374899,11.14962,0.3548573,3.895799,7.332284,GALAXY,GALAXY
1.24E+18,194.6697168,27.82691723,18.70497,17.04625,16.3294,15.97721,15.74038,27.17837,7.080339,2.52E+18,0.02057693,7.039763,0.471293,3.281638,21.1859,GALAXY,GALAXY
1.24E+18,195.031143,27.95806953,19.76677,17.47298,17.06999,16.51571,16.44822,27.37842,8.14689,2.52E+18,0.02071731,9.742112,0.6072502,2.90793,10.02027,GALAXY,GALAXY
1.24E+18,194.5243034,28.37095845,17.81038,16.34261,15.69176,15.37846,15.12852,27.42974,11.11682,2.52E+18,0.02544974,11.20793,0.5333048,4.799582,23.34821,GALAXY,GALAXY
1.24E+18,194.4573531,28.62425934,18.71976,17.5621,17.16347,17.00517,16.89275,27.43783,5.788711,2.52E+18,0.02499963,4.380173,0.849159,2.30155,14.86873,GALAXY,GALAXY
1.24E+18,195.3332921,27.96101565,19.77022,18.24939,17.586,17.2477,16.98318,27.7783,5.96114,2.52E+18,0.02626503,5.144173,0.3634394,2.42956,12.7046,GALAXY,GALAXY
1.24E+18,195.4055217,28.01576848,19.32855,17.78703,17.04533,16.69801,16.40376,28.19921,5.679163,2.52E+18,0.02383511,4.543419,0.5405124,2.343844,16.62035,GALAXY,GALAXY
1.24E+18,194.7006414,28.01872704,19.29011,17.6292,16.93997,16.61089,16.35446,28.45208,8.779418,2.52E+18,0.02361731,8.067748,0.6053935,3.701096,11.07505,GALAXY,GALAXY
1.24E+18,194.7878134,27.89755208,19.1016,17.57531,16.83116,16.45897,16.19928,28.57687,6.99578,2.52E+18,0.02615086,4.594318,0.8339236,2.111867,17.61508,GALAXY,GALAXY
1.24E+18,194.2676665,27.73004013,18.4967,16.74557,16.0749,15.77866,15.5374,28.61632,11.44229,2.52E+18,0.02963925,15.08277,0.1224109,5.236599,17.26238,GALAXY,GALAXY
1.24E+18,195.3304945,27.86045564,18.7363,17.43574,17.01504,16.78968,16.63726,28.92341,7.045036,2.52E+18,0.02741085,6.022987,0.3316903,2.598577,16.84895,GALAXY,GALAXY
1.24E+18,195.1891037,27.8354893,19.19542,17.6108,16.90508,16.56379,16.33274,31.88723,6.159337,2.52E+18,0.02927293,7.083865,0.2152576,3.110505,23.22199,GALAXY,GALAXY
1.24E+18,195.1827948,28.41633267,18.42279,16.83887,16.10275,15.74735,15.50617,32.68042,6.264385,2.26E+18,0.02092743,4.253963,0.6125787,2.367173,24.62088,GALAXY,GALAXY
1.24E+18,195.0995841,27.28692666,19.80734,18.47918,17.79446,17.53214,17.39216,33.44369,8.593013,2.52E+18,0.0242417,11.76767,0.1795697,4.08899,7.486646,GALAXY,GALAXY
1.24E+18,195.0040405,27.94543132,19.01552,17.56509,16.87678,16.55435,16.334,33.52632,7.260259,2.52E+18,0.02281969,4.386122,0.751452,2.036183,20.75353,GALAXY,GALAXY
1.24E+18,194.9838022,27.74631218,17.6224,16.48909,16.1708,16.00019,15.82999,33.90757,6.921214,2.52E+18,0.02975941,7.757606,0.6009485,3.780724,24.16709,GALAXY,GALAXY
1.24E+18,194.9339376,28.17631415,19.49845,17.79254,17.072,16.73707,16.47917,34.03234,4.427566,2.52E+18,0.02771238,2.646996,0.6342514,1.543325,19.03188,GALAXY,GALAXY
1.24E+18,194.7698945,28.05038518,18.70804,17.01582,16.29781,15.93935,15.66005,34.36002,7.901749,2.52E+18,0.0268922,7.938399,0.5169849,3.597808,23.61245,GALAXY,GALAXY
1.24E+18,194.0594169,27.81558393,19.7456,18.11351,17.40296,17.06943,16.83956,36.54992,4.159337,2.52E+18,0.02222386,3.469314,0.3365761,2.245038,24.42548,GALAXY,GALAXY
1.24E+18,194.5284427,27.57687564,18.76679,17.07644,16.34315,15.99637,15.72285,36.81182,9.519814,2.52E+18,0.02500718,12.00939,0.1626778,4.536672,20.4702,GALAXY,GALAXY
1.24E+18,194.1600139,28.10627365,18.55842,16.98203,16.30822,15.99721,15.79377,37.00098,11.41721,2.52E+18,0.02160236,9.995241,0.4707128,3.827322,14.91249,GALAXY,GALAXY
1.24E+18,195.2947099,27.24649845,18.15176,16.563,15.89265,15.60102,15.29088,37.50509,14.09499,2.52E+18,0.02061296,13.86744,0.4358348,5.4453,12.97544,GALAXY,GALAXY
1.24E+18,195.1257885,28.16004747,19.87155,18.03459,17.37386,17.01571,16.80554,37.80833,7.332738,2.52E+18,0.02358335,7.942567,0.2711634,3.321215,12.10617,GALAXY,GALAXY
1.24E+18,194.8268716,27.51351055,18.14171,16.77198,16.10956,15.7847,15.55572,37.94191,12.98048,2.52E+18,0.02015118,15.00256,0.5870179,6.256463,15.09408,GALAXY,GALAXY
1.24E+18,194.7401012,27.78542638,17.76554,16.17741,15.49055,15.12093,14.87915,37.97557,9.122785,2.52E+18,0.02314709,9.345555,0.5292591,4.739731,32.12098,GALAXY,GALAXY
1.24E+18,194.4679571,27.7396343,19.7889,18.07487,17.37407,16.99744,16.84629,38.05396,5.877855,2.52E+18,0.02310237,4.802572,0.4440199,2.240078,13.49548,GALAXY,GALAXY
1.24E+18,194.9455543,27.9919122,20.02791,18.26144,17.57143,17.23907,17.04391,38.13413,6.214641,2.52E+18,0.0280615,6.37444,0.1663747,2.776629,11.13927,GALAXY,GALAXY
1.24E+18,194.7856423,28.7282236,18.54282,17.04937,16.37864,16.06516,15.87901,38.20711,11.35398,2.26E+18,0.02366714,17.77696,0.1132649,6.911963,12.95014,GALAXY,GALAXY
1.24E+18,194.8109201,27.89559072,19.77842,18.08449,17.31917,16.94157,16.65337,38.26342,3.071394,2.52E+18,0.02137562,1.815053,0.5650207,1.227087,25.07571,GALAXY,GALAXY
1.24E+18,194.8555698,27.93448684,19.25179,17.57814,16.87133,16.55045,16.31589,38.33415,4.345008,2.52E+18,0.02531135,2.307695,0.8632917,1.496757,25.1674,GALAXY,GALAXY
1.24E+18,194.3672636,27.70076615,19.43895,17.71634,17.01327,16.66235,16.44876,38.35848,6.740348,2.52E+18,0.02155076,6.853213,0.3511764,3.043104,21.00253,GALAXY,GALAXY
1.24E+18,194.8246992,28.62400135,18.22332,17.03565,16.54995,16.30502,16.1428,38.44994,5.362382,2.26E+18,0.03470419,4.114556,0.7066581,2.452787,22.18204,GALAXY,GALAXY
1.24E+18,194.6472309,27.26470083,16.1236,15.2825,14.97778,14.83019,14.64836,38.8414,11.6121,2.52E+18,0.02453957,9.330853,0.5182436,4.421986,32.11228,GALAXY,GALAXY
1.24E+18,194.9196975,28.1446092,20.03806,18.3702,17.66162,17.29202,17.06267,39.08372,5.41986,2.52E+18,0.02564753,5.116061,0.2452963,2.335843,12.92528,GALAXY,GALAXY
1.24E+18,195.0363596,28.15985444,18.08786,16.21673,15.49222,15.09995,14.8491,39.39228,12.60947,2.52E+18,0.0248898,9.289003,0.7305118,4.418601,25.45687,GALAXY,GALAXY
1.24E+18,195.1716357,28.04511955,19.76212,18.06282,17.33548,16.98442,16.70017,39.46178,4.477866,2.52E+18,0.02876968,3.059595,0.4268697,1.786883,21.11534,GALAXY,GALAXY
1.24E+18,194.936228,27.88976195,19.33815,17.76295,17.05694,16.71971,16.44641,39.52147,5.740847,2.52E+18,0.02270657,4.185131,0.6328692,2.005544,16.9336,GALAXY,GALAXY
1.24E+18,194.6128216,27.70661559,20.19656,18.59348,17.93033,17.6015,17.4038,39.66101,5.919471,2.52E+18,0.02335642,5.701218,0.3654217,2.460278,9.951136,GALAXY,GALAXY
1.24E+18,194.692141,27.86086549,19.96004,18.32919,17.66748,17.30231,17.11694,39.82193,7.310932,2.52E+18,0.02927363,7.412602,0.332918,2.904718,13.94088,GALAXY,GALAXY
1.24E+18,194.1766118,27.54825874,18.89945,17.49417,16.84509,16.51316,16.26223,39.88025,6.05673,2.52E+18,0.02531836,7.610151,0.2898526,3.727359,25.28812,GALAXY,GALAXY
1.24E+18,195.3294073,28.12813846,19.12488,17.55535,16.87344,16.53245,16.27992,40.01764,5.07718,2.52E+18,0.0227095,4.540294,0.3751992,2.546635,24.7767,GALAXY,GALAXY
1.24E+18,194.4446084,28.14078459,18.14766,16.44756,15.75313,15.40981,15.13596,40.26563,10.46089,2.52E+18,0.02138568,9.891989,0.7283946,4.79959,26.13838,GALAXY,GALAXY
1.24E+18,195.0924516,28.24709062,19.26687,17.62037,16.88378,16.5348,16.25708,40.27411,6.485757,2.52E+18,0.02508161,7.940703,0.2913297,3.811124,20.04556,GALAXY,GALAXY
1.24E+18,195.4498988,27.35481464,19.43471,17.79414,17.10214,16.7886,16.6113,40.80276,8.219234,2.52E+18,0.02019958,12.01744,0.2101236,4.993628,13.4919,GALAXY,GALAXY
1.24E+18,194.826472,27.71573178,19.01295,17.44312,16.73638,16.38217,16.14339,40.89725,4.687795,2.52E+18,0.02225661,2.86131,0.8169506,1.775678,28.79192,GALAXY,GALAXY
1.24E+18,195.0464073,28.06524648,19.28296,17.69565,16.98452,16.62393,16.37693,41.05962,6.463664,2.52E+18,0.02454435,5.115169,0.4318944,2.413485,19.31966,GALAXY,GALAXY
1.24E+18,195.0840399,27.843494,19.14049,17.58034,16.89627,16.54598,16.32455,41.47903,7.182799,2.52E+18,0.02624773,7.945253,0.2908827,3.253954,21.1243,GALAXY,GALAXY
1.24E+18,194.6531293,27.84948206,19.77178,17.99343,17.25528,16.88105,16.56207,41.75192,4.976048,2.52E+18,0.02055939,3.635687,0.436499,1.891422,22.97385,GALAXY,GALAXY
1.24E+18,194.6576242,27.46395368,18.34377,16.49655,15.83989,15.63698,15.28954,41.83993,12.25337,2.52E+18,0.0209099,19.12624,0.1533076,7.494738,24.52518,GALAXY,GALAXY
1.24E+18,195.1390204,27.82424454,18.06081,16.42698,15.80813,15.49631,15.27099,41.95188,8.338126,2.52E+18,0.02734583,8.393758,0.5334314,3.922844,28.10203,GALAXY,GALAXY
1.24E+18,194.1618685,28.08115027,18.35228,16.63233,15.84505,15.48125,15.1912,41.95336,11.03375,2.52E+18,0.02704673,11.09396,0.3636284,4.862319,25.67793,GALAXY,GALAXY
1.24E+18,195.0256498,28.25218315,19.77466,17.59729,17.18436,17.06415,17.46061,42.1032,27.92749,2.52E+18,0.02121929,28.82665,0,9.280361,3.5617,GALAXY,GALAXY
1.24E+18,194.7206413,28.23382662,19.38689,17.88291,17.19398,16.83442,16.57788,42.24139,5.523591,2.52E+18,0.020241,5.117293,0.5147118,2.352385,13.86343,GALAXY,GALAXY
1.24E+18,194.4406079,27.42933755,18.42046,16.87297,16.25001,15.94055,15.72742,42.31896,8.696026,2.52E+18,0.02780965,12.16132,0.2632922,5.712615,25.97169,GALAXY,GALAXY
1.24E+18,195.6328216,27.93553598,18.09078,16.42575,15.80603,15.44982,15.19906,42.33709,7.459008,2.52E+18,0.022083,6.218699,0.5625126,3.162699,27.04884,GALAXY,GALAXY
1.24E+18,194.6829391,28.28267154,18.96346,17.1507,16.35448,16.01237,15.80816,42.38782,5.217468,2.52E+18,0.02544682,4.19485,0.25214,2.450056,34.47857,GALAXY,GALAXY
1.24E+18,194.3543947,28.49589284,18.89708,17.37725,16.69127,16.38356,16.26478,42.54884,10.68642,2.26E+18,0.02394781,19.17071,0,7.538013,11.06892,GALAXY,GALAXY
1.24E+18,195.2187537,27.80495995,20.35645,18.41306,17.70195,17.34931,17.17429,42.59463,5.726921,2.52E+18,0.02278867,6.470127,0.2020283,2.579663,13.44319,GALAXY,GALAXY
1.24E+18,195.4340656,28.21435901,18.78984,17.16603,16.42731,16.07814,15.77717,42.62934,4.40629,2.52E+18,0.02610355,4.107716,0.5028048,2.565427,33.54776,GALAXY,GALAXY
1.24E+18,195.1475925,27.94274429,18.98705,17.39641,16.70932,16.41291,16.20306,42.73051,8.676535,2.52E+18,0.02325009,9.370414,0.5559072,3.645557,15.71859,GALAXY,GALAXY
1.24E+18,194.9342188,27.86767815,18.71951,17.17581,16.45364,16.10726,15.83935,42.86372,7.605538,2.52E+18,0.02080937,7.317025,0.4098952,3.182949,26.70482,GALAXY,GALAXY
1.24E+18,194.9056305,27.33604741,18.3172,16.72877,16.01126,15.65217,15.39514,43.51422,8.420565,2.52E+18,0.0232575,8.062608,0.4583453,3.751274,21.98778,GALAXY,GALAXY
1.24E+18,194.758627,28.11566496,16.50936,15.55708,15.1328,14.84731,14.65287,43.81275,8.141971,2.52E+18,0.03141021,9.878038,0.1466824,4.604574,37.71086,GALAXY,GALAXY
1.24E+18,194.9076242,27.77682386,17.73292,16.13291,15.41132,15.06861,14.82254,44.24732,17.0443,2.52E+18,0.0226934,19.91554,0.7595177,7.514711,18.90988,GALAXY,GALAXY
1.24E+18,195.4021585,27.70793227,19.00535,17.41273,16.71266,16.38369,16.13731,44.67874,6.673794,2.52E+18,0.02639038,7.184117,0.4621987,3.698196,21.39906,GALAXY,GALAXY
1.24E+18,195.0602106,27.28072681,17.12661,16.03534,15.63762,15.357,15.1483,45.07322,9.03561,2.52E+18,0.03704246,12.32533,0.1017252,5.727571,25.68075,GALAXY,GALAXY
1.24E+18,194.7763181,27.49363103,19.92521,18.31671,17.66668,17.32169,17.10414,45.12656,5.042461,2.52E+18,0.0272337,4.922914,0.3432272,2.250823,15.31559,GALAXY,GALAXY
1.24E+18,194.084928,28.05081286,19.57306,17.87594,17.19715,16.85777,16.60353,45.23316,6.677889,2.52E+18,0.02536863,7.764332,0.09795506,3.169621,13.64244,GALAXY,GALAXY
1.24E+18,194.9785977,27.79600037,18.48148,16.80994,16.07125,15.70707,15.45016,45.34692,5.353374,2.52E+18,0.02750633,3.394129,0.6908944,1.992779,36.41342,GALAXY,GALAXY
1.24E+18,194.846474,28.48859861,17.38275,16.25607,15.80773,15.55946,15.36865,45.65854,7.492156,2.26E+18,0.0233463,9.693698,0.06084414,4.221812,24.53524,GALAXY,GALAXY
1.24E+18,194.3645274,28.43969957,18.67036,17.28683,16.68946,16.4071,16.18414,45.8379,7.7324,2.26E+18,0.02592708,8.864511,0.3081579,4.046022,17.82625,GALAXY,GALAXY
1.24E+18,194.5463042,27.8602645,19.62561,18.0745,17.34444,16.97582,16.67889,45.87216,3.9143,2.52E+18,0.02335937,2.554311,0.5418722,1.495701,17.14073,GALAXY,GALAXY
1.24E+18,195.0932448,27.62355208,18.58367,16.96885,16.23865,15.88159,15.64252,46.05805,6.727189,2.52E+18,0.02535635,7.500251,0.1874701,3.838337,25.96306,GALAXY,GALAXY
1.24E+18,194.1911222,28.05161876,17.92657,16.32305,15.56119,15.19794,14.90493,46.47602,11.82153,2.52E+18,0.02308207,7.939981,0.7581983,3.265819,29.28264,GALAXY,GALAXY
1.24E+18,195.0772741,28.09715433,19.1459,17.3939,16.70113,16.34504,16.08402,47.43399,8.521986,2.52E+18,0.02608,7.2178,0.4008144,2.984147,16.13902,GALAXY,GALAXY
1.24E+18,194.2330496,27.46239031,19.32906,17.66881,16.98835,16.63904,16.40911,47.46218,7.277201,2.52E+18,0.02539411,6.043196,0.7072905,2.794951,16.8375,GALAXY,GALAXY
1.24E+18,195.122312,28.45564291,19.30199,17.98062,17.37965,16.94968,16.91642,47.69468,7.332524,2.26E+18,0.02411931,12.28926,0.06046488,4.109087,11.15836,GALAXY,GALAXY
1.24E+18,194.5476303,27.93994828,18.4489,16.78122,16.05836,15.68917,15.44268,47.70766,5.56297,2.52E+18,0.02838481,2.914229,0.8587353,1.884689,38.5641,GALAXY,GALAXY
1.24E+18,194.922106,28.50719541,17.37988,15.73116,15.01024,14.66551,14.42318,47.88097,18.30093,2.26E+18,0.02748123,11.54331,0.9652482,5.583766,26.44032,GALAXY,GALAXY
1.24E+18,194.3405856,27.88042984,17.48276,15.94152,15.33476,15.02936,14.7987,48.18015,6.319079,2.52E+18,0.02480892,4.028811,0.8787643,2.856243,40.09249,GALAXY,GALAXY
1.24E+18,195.0076406,28.43481643,18.52795,16.91391,16.20926,15.84761,15.60797,48.26476,10.7799,2.26E+18,0.02699485,7.008108,0.8084773,3.096342,19.36419,GALAXY,GALAXY
1.24E+18,194.8970205,27.8636307,18.93044,17.26008,16.52156,16.17995,15.92107,48.28197,5.279684,2.52E+18,0.02098727,4.108294,0.4232047,2.057261,29.60113,GALAXY,GALAXY
1.24E+18,194.618366,27.55937822,17.6671,16.14495,15.59159,15.30937,15.07001,48.38765,6.445719,2.52E+18,0.02526216,5.948497,0.3496024,4.269364,44.65491,GALAXY,GALAXY
1.24E+18,194.8341545,28.07428201,19.02452,16.80056,16.01684,15.72006,15.49812,48.39619,7.002174,2.52E+18,0.02388773,3.843837,0.8820202,2.383002,35.37682,GALAXY,GALAXY
1.24E+18,194.5916373,27.89228329,18.49506,16.7664,16.02466,15.64814,15.35808,49.04048,7.777575,2.52E+18,0.02435052,7.124022,0.6968468,3.720871,25.2739,GALAXY,GALAXY
1.24E+18,194.9595227,28.14437426,18.74528,17.18441,16.49611,16.15265,15.8931,49.09762,6.466966,2.52E+18,0.0226042,6.374814,0.4886988,3.139012,21.04934,GALAXY,GALAXY
1.24E+18,194.8589427,28.28754171,18.1334,16.53447,15.86397,15.52732,15.27748,49.31873,5.695662,2.52E+18,0.02667863,4.329446,0.7537251,2.662193,37.84768,GALAXY,GALAXY
1.24E+18,194.4423216,27.75702778,17.3373,15.61858,14.86883,14.51494,14.24578,49.3535,15.80941,2.52E+18,0.02044867,16.63171,0.3849645,9.15824,35.13363,GALAXY,GALAXY
1.24E+18,195.2967536,27.7425054,19.5843,18.08602,17.38565,17.08125,16.81864,50.38679,7.495268,2.52E+18,0.0245768,5.886728,0.6923317,2.777085,9.93816,GALAXY,GALAXY
1.24E+18,195.3133434,27.66922387,18.82668,17.17133,16.45309,16.10232,15.8484,50.62882,7.05074,2.52E+18,0.02355825,7.271061,0.4479844,3.826487,25.3863,GALAXY,GALAXY
1.24E+18,194.4904954,28.06177994,16.96789,15.87782,15.39091,15.10506,14.89471,50.83282,12.19748,2.52E+18,0.02713996,14.68228,0.1434879,5.503302,26.01438,GALAXY,GALAXY
1.24E+18,194.3241924,27.81092177,17.54705,16.02658,15.49689,15.24889,15.06039,51.09274,7.083467,2.52E+18,0.02383198,6.934409,0.2193059,3.953853,40.65842,GALAXY,GALAXY
1.24E+18,194.71175,28.00699354,20.11511,18.50638,17.81535,17.45576,17.21736,51.15014,5.26529,2.52E+18,0.02490416,4.203909,0.4120503,1.981498,16.14433,GALAXY,GALAXY
1.24E+18,194.8836526,27.7204549,20.10193,18.32539,17.60911,17.27211,17.04726,51.40021,10.64165,2.52E+18,0.02561127,12.27611,0.1867658,3.944558,6.490022,GALAXY,GALAXY
1.24E+18,194.8392091,27.97356361,18.77449,17.0782,16.37422,16.0253,15.77668,51.42183,6.015006,2.52E+18,0.020206,6.185779,0.3966124,3.18385,29.43766,GALAXY,GALAXY
1.24E+18,194.5822016,28.09484175,19.58189,17.54148,17.19524,17.09835,17.2716,51.96042,12.57697,2.52E+18,0.02392415,20.06636,0,7.182277,6.407785,GALAXY,GALAXY
1.24E+18,194.4606651,27.64373336,19.10955,17.49312,16.7857,16.44118,16.21021,52.27267,6.013609,2.52E+18,0.02271923,4.154403,0.5819378,2.00713,16.76593,GALAXY,GALAXY
1.24E+18,194.5404096,27.54942131,18.87683,17.21804,16.45515,16.08868,15.77176,53.09317,5.618852,2.52E+18,0.02326917,5.115221,0.328296,2.556303,32.32666,GALAXY,GALAXY
1.24E+18,194.8375503,28.44147715,19.23372,17.63666,16.90881,16.56899,16.32354,53.17717,7.139998,2.26E+18,0.02189435,7.949426,0.4321005,3.740304,17.47614,GALAXY,GALAXY
1.24E+18,195.0236724,27.92646373,20.1095,18.31403,17.74396,17.43548,17.26918,53.21178,6.178101,2.52E+18,0.02653266,8.986013,0.02209392,3.483352,9.328162,GALAXY,GALAXY
1.24E+18,195.3012022,27.60447574,18.00761,16.24001,15.4779,15.11119,14.8508,53.30494,9.600695,2.52E+18,0.02519144,9.447919,0.4955297,5.902462,32.98312,GALAXY,GALAXY
1.24E+18,195.0125066,28.2403103,18.41486,16.8496,16.23671,15.93908,15.69567,53.37997,7.121545,2.52E+18,0.0256863,2.768022,1,1.828857,37.95241,GALAXY,GALAXY
1.24E+18,194.8816672,28.10053729,23.04523,18.35041,17.60965,17.348,17.95424,54.59776,6.605092,2.52E+18,0.02477923,6.37473,0.2850064,2.817489,10.59303,GALAXY,GALAXY
1.24E+18,195.8026385,28.17249816,18.22707,16.6036,15.90899,15.56959,15.33737,54.85074,9.054269,2.52E+18,0.02425432,9.902617,0.5016578,4.181529,22.25754,GALAXY,GALAXY
1.24E+18,195.0828231,28.43922844,19.92065,18.45471,17.78102,17.47475,17.30904,55.03092,6.776575,2.26E+18,0.02369337,7.939473,0.2756038,3.248737,8.695557,GALAXY,GALAXY
1.24E+18,194.5776162,27.31082221,17.47034,16.52111,16.02074,15.76517,15.44152,55.27194,7.654479,2.52E+18,0.0247218,9.892523,0.1127438,4.375265,23.64798,GALAXY,GALAXY
1.24E+18,195.0261648,27.30071307,17.54469,15.84652,15.14875,14.79543,14.54685,55.81675,12.91726,2.52E+18,0.02625441,11.46994,0.5855128,5.091084,32.51933,GALAXY,GALAXY
1.24E+18,195.7357153,28.07039417,16.93141,15.23874,14.50446,14.15389,13.85584,56.36403,12.96596,2.52E+18,0.02588479,12.15783,0.6056399,6.223713,36.8408,GALAXY,GALAXY
1.24E+18,194.3260513,27.74735803,18.87364,17.405,16.76592,16.47073,16.22467,56.5494,13.37089,2.52E+18,0.02287642,23.32605,0.06000672,7.124981,8.049701,GALAXY,GALAXY
1.24E+18,195.5464189,28.45661393,18.97435,17.07325,16.35019,16.05898,15.77644,56.70071,10.93302,2.26E+18,0.02048302,10.77805,0.4092714,4.374992,10.2561,GALAXY,GALAXY
1.24E+18,194.8637728,27.78505255,19.19113,17.50492,16.78879,16.43806,16.15643,57.24213,7.064419,2.52E+18,0.02195326,9.8419,0.1982642,4.404449,18.43657,GALAXY,GALAXY
1.24E+18,195.0182947,28.60348249,17.74743,16.16939,15.44885,15.12083,14.83267,57.41233,14.56217,2.26E+18,0.02274294,15.743,0.359287,6.751611,20.23688,GALAXY,GALAXY
1.24E+18,194.4862577,27.4426038,18.82991,17.84995,17.45075,17.23432,16.94928,57.5146,7.916195,2.52E+18,0.025682,8.602611,0.3390644,3.573388,10.15965,GALAXY,GALAXY
1.24E+18,195.3544803,28.67722536,16.12578,14.98388,14.47125,14.19452,13.97057,57.81583,16.34177,2.26E+18,0.02915233,19.14708,0.03081932,8.408886,24.06894,GALAXY,GALAXY
1.24E+18,194.7981019,28.00926701,19.17675,17.30536,16.57413,16.2045,15.9404,57.87287,5.932811,2.52E+18,0.022995,4.540128,0.4997396,2.320151,21.39722,GALAXY,GALAXY
1.24E+18,195.2282129,27.84200788,18.64128,16.97364,16.25338,15.89612,15.647,58.1628,3.954325,2.52E+18,0.02362565,2.63184,0.8009024,1.730362,36.07217,GALAXY,GALAXY
1.24E+18,195.2129007,27.74298507,19.12906,17.49858,16.79528,16.47261,16.29415,58.38803,8.643527,2.52E+18,0.02713366,10.8834,0.2791866,4.508206,19.52709,GALAXY,GALAXY
1.24E+18,194.2689357,27.77301125,17.81288,16.39019,15.68301,15.32395,15.02134,58.9642,8.026854,2.52E+18,0.02512812,11.59445,0,5.292686,31.47347,GALAXY,GALAXY
1.24E+18,194.4614818,27.49086441,20.01729,18.19199,17.41636,17.03731,16.74716,59.14079,2.746625,2.52E+18,0.0245225,1.403885,0.6065242,1.036029,19.31859,GALAXY,GALAXY
1.24E+18,194.3404341,27.47485297,20.20686,18.41306,17.46224,17.04635,16.9479,59.14968,2.816589,2.52E+18,0.02316848,1.182618,0.79981,0.9473307,21.41951,GALAXY,GALAXY
1.24E+18,195.6331846,28.43932325,18.22385,16.55205,15.79622,15.43191,15.1915,59.40216,10.82721,2.26E+18,0.01990046,11.51915,0.3856322,5.585582,21.16196,GALAXY,GALAXY
1.24E+18,194.7276485,27.79561683,18.80223,17.19507,16.44958,16.08841,15.81959,60.63052,6.963673,2.52E+18,0.02158206,6.374354,0.4117105,3.00908,28.53014,GALAXY,GALAXY
1.24E+18,195.0254351,27.97830067,16.67795,14.87184,14.17511,13.99519,13.80917,60.6679,44.91558,2.52E+18,0.0254602,29.67596,0.8649749,17.03488,40.51127,GALAXY,GALAXY
1.24E+18,195.094589,28.57447467,18.12662,16.55878,15.85031,15.5539,15.31279,60.86845,15.19242,2.26E+18,0.02158592,14.2142,0.5501224,5.539659,13.39886,GALAXY,GALAXY
1.24E+18,194.9221463,27.65982622,17.49995,15.81591,15.03935,14.64811,14.39596,60.93346,15.42334,2.52E+18,0.02251487,11.343,0.7628311,4.951799,32.07546,GALAXY,GALAXY
1.24E+18,195.368603,27.92654398,18.99097,17.40977,16.7068,16.36063,16.11565,61.24744,5.029346,2.52E+18,0.02510528,3.860234,0.634263,2.216742,23.1172,GALAXY,GALAXY
1.24E+18,194.1423519,27.6873366,18.73346,16.93762,16.17182,15.79902,15.51535,62.61574,5.995951,2.52E+18,0.02294773,5.11676,0.6414609,3.019228,34.80504,GALAXY,GALAXY
1.24E+18,194.1496978,27.71882813,19.0566,17.42796,16.72316,16.39631,16.14829,62.6203,8.679996,2.52E+18,0.02242385,9.748341,0.277324,3.85868,15.7726,GALAXY,GALAXY
1.24E+18,195.1547513,28.66411788,18.22446,17.1189,16.60123,16.36687,16.17508,62.68153,6.454981,2.26E+18,0.02360363,6.674744,0.4653107,3.100453,16.2902,GALAXY,GALAXY
1.24E+18,195.233046,27.89849961,18.64964,17.06983,16.38913,16.02503,15.81031,63.35252,12.48199,2.52E+18,0.02007744,15.34828,0.435111,5.026748,11.8947,GALAXY,GALAXY
1.24E+18,194.1601892,27.57094322,19.67428,18.20459,17.5195,17.17727,16.92149,63.37937,5.070779,2.52E+18,0.02537161,5.941929,0.2861564,2.990347,14.53937,GALAXY,GALAXY
1.24E+18,194.5146582,27.68244844,18.9866,17.20161,16.40154,16.01726,15.71457,63.52544,5.091602,2.52E+18,0.02412642,3.771018,0.5866236,2.339162,24.75509,GALAXY,GALAXY
1.24E+18,195.0742256,27.38751615,17.26564,15.91803,15.36691,15.06434,14.80757,63.52816,9.642858,2.52E+18,0.03678413,9.201132,0.3314986,4.719265,33.83467,GALAXY,GALAXY
1.24E+18,195.5043216,27.65296927,17.45659,15.73358,14.99272,14.62645,14.35407,63.53748,10.33749,2.52E+18,0.02364652,8.103806,0.7058685,4.643669,35.71483,GALAXY,GALAXY
1.24E+18,194.8183733,27.15807883,17.46684,15.88163,15.14285,14.78018,14.51114,63.70478,8.937346,2.52E+18,0.02232145,6.88627,0.6756199,3.816689,40.71423,GALAXY,GALAXY
1.24E+18,195.2757999,27.39782581,18.1636,16.53544,15.84226,15.48636,15.20815,64.1722,10.43896,2.52E+18,0.02706441,5.409339,1,2.944648,27.33619,GALAXY,GALAXY
1.24E+18,194.9341773,27.95841345,18.30467,16.5683,15.8296,15.47243,15.20077,65.63782,5.635758,2.52E+18,0.02303317,4.470431,0.5318755,3.042682,38.54379,GALAXY,GALAXY
1.24E+18,194.4011309,28.23340141,19.1008,17.64679,17.02964,16.6719,16.43798,65.74278,13.29551,2.52E+18,0.02275065,16.36003,0.2265994,5.654662,7.49433,GALAXY,GALAXY
1.24E+18,195.7388487,28.37560032,19.21198,17.8749,17.20774,16.90726,16.79021,66.17918,15.74438,2.26E+18,0.02951606,15.35118,0.3142503,4.892434,6.837937,GALAXY,GALAXY
1.24E+18,194.5031395,27.4539876,19.08732,17.39475,16.64028,16.27065,15.96128,66.61783,4.531589,2.52E+18,0.02561549,3.777025,0.3891839,2.115308,26.85473,GALAXY,GALAXY
1.24E+18,195.1577534,28.0579667,16.54405,15.47385,14.99273,14.64802,14.30968,66.94981,10.05932,2.52E+18,0.02552748,14.51743,0.01745602,6.820326,32.15676,GALAXY,GALAXY
1.24E+18,194.9590909,27.9126353,19.71703,18.18306,17.48249,17.13521,16.91094,67.02921,6.799743,2.52E+18,0.02417115,7.940629,0.1514583,3.069375,12.73523,GALAXY,GALAXY
1.24E+18,194.8575725,28.18698129,18.89708,17.21086,16.48006,16.11527,15.84747,67.39078,5.006996,2.52E+18,0.02576436,2.046471,1,1.476166,31.39391,GALAXY,GALAXY
1.24E+18,194.8340569,27.88599211,17.58059,15.90685,15.17795,14.81943,14.5238,67.53096,8.177996,2.52E+18,0.02162358,6.905388,0.5709893,3.905467,44.04598,GALAXY,GALAXY
1.24E+18,194.3774628,27.54302583,19.29375,17.52091,16.75285,16.36508,16.07966,68.12895,3.981798,2.52E+18,0.02552229,2.301065,0.7734196,1.518243,25.94354,GALAXY,GALAXY
1.24E+18,195.1034258,27.92662172,18.66323,17.21554,16.5515,16.21543,15.95043,68.90192,9.414397,2.52E+18,0.02652961,10.60795,0.5201306,4.140029,15.78936,GALAXY,GALAXY
1.24E+18,195.5005883,27.78271291,16.86115,15.37493,14.90571,14.66898,14.48319,69.2577,6.004042,2.52E+18,0.02374067,3.909934,0.8973629,3.199418,49.13631,GALAXY,GALAXY
1.24E+18,195.7476625,28.27535445,18.94056,17.30079,16.54285,16.17118,15.92936,69.63024,3.792998,2.52E+18,0.02390798,2.202311,0.8317116,1.586707,30.01176,GALAXY,GALAXY
1.24E+18,195.4515631,27.60396192,17.69988,15.99622,15.24433,14.87834,14.62238,69.91605,7.821228,2.52E+18,0.02745315,6.824133,0.6514285,4.22907,39.54247,GALAXY,GALAXY
1.24E+18,195.0731368,27.7844203,19.04902,17.5081,16.85357,16.51737,16.29462,70.35377,11.96739,2.52E+18,0.0232499,9.893403,0.5404241,3.667569,9.055847,GALAXY,GALAXY
1.24E+18,194.5384408,28.70856121,16.81531,15.2304,14.55632,14.20189,13.91234,70.56204,19.3005,2.26E+18,0.02536839,29.59815,0.2014731,12.4887,25.86882,GALAXY,GALAXY
1.24E+18,195.8555444,28.01399383,17.1602,15.45934,14.74765,14.39715,14.09996,70.67484,12.24806,2.52E+18,0.02654376,11.52793,0.5162926,6.307955,33.88325,GALAXY,GALAXY
1.24E+18,194.9587694,27.92483558,18.3735,16.70605,15.92632,15.55098,15.26732,70.73865,6.312543,2.52E+18,0.03279741,4.288744,0.8142077,2.404114,32.33714,GALAXY,GALAXY
1.24E+18,194.7894262,28.04093209,18.85246,17.05388,16.28873,15.901,15.61143,71.0132,7.00492,2.52E+18,0.02404518,5.6618,0.6658484,3.138111,25.41018,GALAXY,GALAXY
1.24E+18,195.1354836,27.7661419,17.93314,16.13814,15.40846,15.02367,14.73187,71.0376,9.193759,2.52E+18,0.02225512,6.565607,0.9389522,3.824377,41.30402,GALAXY,GALAXY
1.24E+18,195.5596438,28.35264489,17.0506,15.47332,14.77363,14.42742,14.15997,71.41851,17.97758,2.26E+18,0.02884664,14.75804,1,6.987634,27.76511,GALAXY,GALAXY
1.24E+18,194.5575087,28.18254541,16.91628,15.24012,14.50901,14.12917,13.87185,73.73624,16.85486,2.52E+18,0.02395133,14.88815,0.8127459,7.483437,43.34311,GALAXY,GALAXY
1.24E+18,195.1434477,27.93469199,19.02162,17.39121,16.6987,16.42503,16.16378,73.84322,9.425002,2.52E+18,0.02923246,9.01279,0.4610757,3.510405,11.89935,GALAXY,GALAXY
1.24E+18,195.6601811,28.11457102,17.30565,15.4986,14.69735,14.31001,14.00774,73.88226,21.54812,2.52E+18,0.02488411,13.31169,1,8.615552,34.20797,GALAXY,GALAXY
1.24E+18,194.2680825,27.52593905,18.4956,16.95411,16.21987,15.85314,15.57376,74.19688,8.095434,2.52E+18,0.02770373,10.57169,0.1343914,4.88138,22.53046,GALAXY,GALAXY
1.24E+18,195.0526094,27.78182054,17.86503,16.16991,15.489,15.13841,14.89592,74.80917,9.967097,2.52E+18,0.02337322,5.379975,1,2.93869,39.25298,GALAXY,GALAXY
1.24E+18,195.2876446,28.35978229,17.39218,15.78957,15.09277,14.74303,14.44789,75.26656,10.43876,2.52E+18,0.02301273,4.321825,1,3.688223,44.88262,GALAXY,GALAXY
1.24E+18,195.8448706,27.9359619,17.36303,15.68189,14.92765,14.56604,14.26775,75.62556,10.21414,2.52E+18,0.02009697,7.309386,0.9013258,4.524757,37.76482,GALAXY,GALAXY
1.24E+18,194.2948136,27.40490237,17.16602,15.51064,14.78972,14.43695,14.1796,76.01503,11.18351,2.52E+18,0.0206777,6.846192,0.9923978,4.715382,47.61441,GALAXY,GALAXY
1.24E+18,194.2182205,28.18811468,19.675,18.12486,17.46208,17.16986,17.02707,76.09844,10.95268,2.52E+18,0.0216317,15.34967,0,5.07487,5.91466,GALAXY,GALAXY
1.24E+18,194.3477707,27.76627852,17.23382,15.56406,14.80329,14.44834,14.15511,76.86564,15.91085,2.52E+18,0.03044434,10.74881,1,5.835977,42.86565,GALAXY,GALAXY
1.24E+18,195.1859757,28.10063624,17.84306,16.07844,15.32229,14.93665,14.64726,77.41042,6.317355,2.52E+18,0.0220089,4.463411,0.7624691,3.273169,44.54331,GALAXY,GALAXY
1.24E+18,194.8345903,27.4352372,19.3887,17.95616,17.29832,16.94929,16.72861,77.48684,9.591846,2.52E+18,0.02567134,7.250475,0.8423737,2.886461,10.73396,GALAXY,GALAXY
1.24E+18,194.9977883,27.94057148,19.31632,17.94934,17.2512,16.92708,16.75276,77.57319,9.347863,2.52E+18,0.0203727,8.970001,0.3146178,3.603683,11.10275,GALAXY,GALAXY
1.24E+18,194.7502923,27.96747448,18.11086,16.35721,15.58996,15.21711,14.94421,77.89663,6.757522,2.52E+18,0.0277459,3.979401,0.9433649,2.803117,43.54407,GALAXY,GALAXY
1.24E+18,195.5328307,27.64829768,15.99498,14.81629,14.27526,14.00486,13.75822,78.66027,13.4025,2.52E+18,0.02301196,9.369132,0.7382468,5.833972,42.33689,GALAXY,GALAXY
1.24E+18,194.8607997,27.99846915,18.09124,16.33075,15.57279,15.18918,14.90816,79.76735,5.972659,2.52E+18,0.02224383,4.021479,0.8274752,2.441947,42.73723,GALAXY,GALAXY
1.24E+18,194.0457384,28.16316908,17.72319,16.28174,15.55523,15.15271,14.7968,79.77103,6.006982,2.52E+18,0.02899863,5.198675,0.2271129,3.59083,38.19949,GALAXY,GALAXY
1.24E+18,194.4049656,28.04038339,19.17171,17.5764,16.94284,16.60832,16.33158,80.1684,12.64321,2.52E+18,0.02144919,12.32316,0.2406055,4.681779,11.20399,GALAXY,GALAXY
1.24E+18,194.9096494,27.98719374,17.72756,15.89464,15.09662,14.75999,14.52253,80.69717,39.21372,2.52E+18,0.02273988,11.87046,1,4.794456,34.60908,GALAXY,GALAXY
1.24E+18,194.7901662,27.86739268,18.76187,17.04307,16.28749,15.91242,15.63461,81.43389,2.823174,2.52E+18,0.02305771,1.398571,0.9406295,1.184053,40.4072,GALAXY,GALAXY
1.24E+18,195.4189468,27.54893219,20.1884,18.33687,17.66795,17.35651,17.16419,81.8255,10.24386,2.52E+18,0.02167638,13.84395,0.335577,5.030079,8.396845,GALAXY,GALAXY
1.24E+18,195.0786682,28.00930721,19.51664,17.7935,17.04941,16.66047,16.3872,82.11372,2.598164,2.52E+18,0.02068225,0.9153376,0.9426464,0.8223895,32.25244,GALAXY,GALAXY
1.24E+18,194.5064949,27.48966585,16.89497,15.15205,14.41588,14.05172,13.76684,84.09756,14.88397,2.52E+18,0.02543061,10.25834,0.9770126,6.135235,47.2781,GALAXY,GALAXY
1.24E+18,194.9040408,27.8258041,18.57144,16.94903,16.2226,15.86418,15.59269,84.18853,3.572418,2.52E+18,0.02086743,1.923623,0.9723837,1.464266,36.35567,GALAXY,GALAXY
1.24E+18,195.6699986,28.37130182,17.04978,15.26981,14.46883,14.07602,13.80512,86.86996,13.39935,2.26E+18,0.02472724,16.54876,0.4114841,7.988232,37.81881,GALAXY,GALAXY
1.24E+18,194.9356737,28.25652558,19.6352,18.49152,17.82103,17.50137,17.25436,87.14907,9.947042,2.52E+18,0.02630129,13.10301,0.2498129,4.601626,8.2399,GALAXY,GALAXY
1.24E+18,195.1975195,27.92215657,17.61603,15.85735,15.08665,14.70226,14.42974,87.50072,8.22146,2.52E+18,0.02857454,6.373846,0.7671233,3.877719,45.46065,GALAXY,GALAXY
1.24E+18,194.8341796,28.1979236,17.90968,16.23833,15.47786,15.09727,14.81795,88.49342,7.743867,2.52E+18,0.03156341,5.503749,0.8658479,3.235706,35.21428,GALAXY,GALAXY
1.24E+18,195.8176853,28.03040444,16.53869,14.87973,14.10116,13.72376,13.42638,88.70117,14.18329,2.52E+18,0.02031774,15.35271,0.2617775,9.66608,43.82513,GALAXY,GALAXY
1.24E+18,194.8777045,27.79142413,18.01882,16.34221,15.57619,15.21021,14.93046,88.95003,5.358934,2.52E+18,0.02591176,2.80967,0.9541849,2.220863,46.5463,GALAXY,GALAXY
1.24E+18,195.7716618,27.78411912,17.64351,15.91467,15.21438,14.82972,14.56579,89.89149,6.213952,2.52E+18,0.02558243,5.480333,0.7469987,3.141301,39.35931,GALAXY,GALAXY
1.24E+18,194.8555282,27.96792872,18.11848,16.25928,15.45271,15.0791,14.80128,89.97136,6.634293,2.52E+18,0.02570544,3.895401,1,2.420568,40.85344,GALAXY,GALAXY
1.24E+18,194.5923196,28.15213359,17.77816,15.95863,15.19292,14.80704,14.5346,91.6389,8.368196,2.52E+18,0.02227376,6.897061,0.5302292,3.797596,36.81944,GALAXY,GALAXY
1.24E+18,195.2946045,27.80288666,17.36533,15.58829,14.8352,14.45075,14.17885,92.09766,11.75959,2.52E+18,0.02232208,6.248978,1,4.320693,41.55932,GALAXY,GALAXY
1.24E+18,194.6380689,27.3643657,17.21204,15.52146,14.76323,14.42209,14.13908,93.11325,12.29119,2.52E+18,0.02322747,10.62003,0.7725089,6.445084,39.27208,GALAXY,GALAXY
1.24E+18,194.8795953,27.95490705,21.92133,20.67551,20.06528,19.59901,19.41985,93.66064,1.370281,2.52E+18,0.0236594,0.5020407,0,0.5111978,14.39366,GALAXY,GALAXY
1.24E+18,194.9152341,27.95390491,17.97512,16.24808,15.4799,15.11111,14.83044,93.7588,17.38038,2.52E+18,0.02678836,3.810511,1,2.445494,42.30889,GALAXY,GALAXY
1.24E+18,194.7330846,27.8333724,16.20967,14.84674,14.15626,13.76769,13.44168,94.3078,16.31498,2.52E+18,0.02510278,17.10496,0.1634751,11.42651,43.51343,GALAXY,GALAXY
1.24E+18,195.1182936,27.97239096,17.40042,15.5324,14.80393,14.43889,14.15676,94.59384,13.17345,2.52E+18,0.0257351,8.827339,0.9454852,5.636187,41.81475,GALAXY,GALAXY
1.24E+18,194.6600417,27.54410025,17.72238,16.0213,15.25498,14.86815,14.56736,96.21754,5.82247,2.52E+18,0.01991322,4.132373,0.7148579,2.627693,48.93434,GALAXY,GALAXY
1.24E+18,194.8475501,27.91956553,20.32158,18.52287,17.65756,17.3171,17.03244,98.1701,1.544103,2.52E+18,0.02311007,0.3008961,0.8092244,0.4121995,27.49052,GALAXY,GALAXY
1.24E+18,194.2772586,28.29659946,19.13534,17.66443,16.99797,16.69408,16.39215,98.63986,12.87297,2.52E+18,0.02250939,20.31328,0.1904977,7.023037,8.014932,GALAXY,GALAXY
1.24E+18,194.9177911,27.96823285,18.22049,16.48762,15.66237,15.30458,14.99181,99.46032,16.16616,2.52E+18,0.02527304,4.562069,1,2.382707,42.76632,GALAXY,GALAXY
1.24E+18,194.9860468,27.93002486,17.51437,15.82068,15.05232,14.67835,14.39264,99.92592,9.886209,2.52E+18,0.02570705,8.262528,0.6162723,4.684867,41.38085,GALAXY,GALAXY
1.24E+18,195.5902325,28.25597907,17.12016,15.36992,14.54508,14.12542,13.79927,100.1459,10.31702,2.52E+18,0.0227214,8.249573,0.5722193,5.036063,42.02214,GALAXY,GALAXY
1.24E+18,194.4609806,27.87948483,17.70106,15.88479,15.10633,14.70747,14.41653,102.6922,8.632958,2.52E+18,0.02317353,5.166154,0.9119961,3.480193,40.81374,GALAXY,GALAXY
1.24E+18,194.368464,28.17642737,17.32724,15.40779,14.61374,14.18642,13.89003,104.5017,10.53202,2.52E+18,0.02724953,7.939559,0.6699306,4.950872,41.33772,GALAXY,GALAXY
1.24E+18,195.2080096,27.40578185,16.33838,14.63693,13.92607,13.55905,13.2815,104.8331,23.28546,2.52E+18,0.02198225,15.81998,0.8800794,9.094801,43.91129,GALAXY,GALAXY
1.24E+18,195.1118974,27.51559102,17.52603,15.81423,15.03445,14.66549,14.36938,105.0014,7.644641,2.52E+18,0.02595107,4.531894,0.8825326,3.053991,44.01356,GALAXY,GALAXY
1.24E+18,195.1615013,28.01452647,17.20795,15.35862,14.664,14.19718,14.01497,105.6762,11.75806,2.52E+18,0.02535291,8.492435,0.9372275,5.517542,44.02521,GALAXY,GALAXY
1.24E+18,194.430132,27.5775943,18.60572,16.99643,16.25682,15.89124,15.62361,109.7724,4.899152,2.52E+18,0.02410993,2.251672,1,1.516961,38.54677,GALAXY,GALAXY
1.24E+18,194.7693238,27.91097966,17.76287,16.01769,15.25224,14.87086,14.5728,110.0812,6.81527,2.52E+18,0.02136191,4.291782,0.9678299,3.09461,49.35899,GALAXY,GALAXY
1.24E+18,194.6336013,27.45633388,17.65655,15.83982,15.05886,14.65406,14.41463,113.4316,7.496029,2.52E+18,0.02341978,4.34514,0.94034,3.09864,46.03002,GALAXY,GALAXY
1.24E+18,194.3455098,27.49297541,17.41772,15.69987,14.82286,14.42955,14.13368,113.4769,59.64515,2.52E+18,0.02748526,8.650032,0.9629198,21.06045,43.82471,GALAXY,GALAXY
1.24E+18,195.1784823,27.96308318,17.29992,15.47424,14.7196,14.33296,14.03992,114.3192,10.83909,2.52E+18,0.02809328,5.390098,1,4.350786,42.90397,GALAXY,GALAXY
1.24E+18,195.0262101,27.77576413,17.30174,15.45994,14.70037,14.30165,14.01007,114.7037,9.483422,2.52E+18,0.02060787,7.926034,0.8261006,4.096392,43.58305,GALAXY,GALAXY
1.24E+18,194.7226636,28.12606753,17.77933,15.94528,15.15474,14.76233,14.48031,114.7592,5.896131,2.52E+18,0.02337744,3.46538,0.9895117,2.363291,46.15381,GALAXY,GALAXY
1.24E+18,195.0229251,27.80759468,17.45842,15.50841,14.73891,14.33246,14.03118,116.1382,8.323728,2.52E+18,0.021926,6.618258,0.7684222,4.090626,46.03782,GALAXY,GALAXY
1.24E+18,194.374967,28.18807182,16.56451,14.74838,13.98687,13.56207,13.2357,116.5688,16.24801,2.52E+18,0.02312829,13.88248,0.5913224,8.098166,47.90862,GALAXY,GALAXY
1.24E+18,195.0709416,28.0639111,17.85592,16.04005,15.27375,14.87119,14.58097,116.8615,5.73626,2.52E+18,0.02047269,3.127286,1,2.299994,45.997,GALAXY,GALAXY
1.24E+18,194.8062384,27.7745923,17.04775,15.20765,14.41999,14.01892,13.75777,117.388,12.65511,2.52E+18,0.02276696,7.131958,0.9841481,4.641438,45.50778,GALAXY,GALAXY
1.24E+18,195.0535973,28.07549608,17.54206,15.71611,14.94707,14.54585,14.26242,118.2973,6.211491,2.52E+18,0.02503316,3.693606,1,2.458708,53.35577,GALAXY,GALAXY
1.24E+18,195.1701952,27.99660368,17.04858,15.22078,14.4312,14.03467,13.72199,119.1396,12.26691,2.52E+18,0.02363859,8.122255,0.918003,4.785611,50.62819,GALAXY,GALAXY
1.24E+18,195.0266058,28.00411662,18.74981,16.63668,15.85161,15.45258,15.16259,119.907,2.790575,2.52E+18,0.02424595,0.8531491,0.147842,1.014002,45.60424,GALAXY,GALAXY
1.24E+18,194.8561893,27.97320254,17.87573,16.09023,15.29822,14.91355,14.64339,120.5623,5.127251,2.52E+18,0.0203301,3.370826,0.8529285,2.419288,50.70103,GALAXY,GALAXY
1.24E+18,194.0412514,27.84426424,17.15049,15.296,14.48509,14.08474,13.79832,121.2412,14.81533,2.52E+18,0.0252572,7.291094,1,5.569405,53.39948,GALAXY,GALAXY
1.24E+18,195.09223,28.04700665,16.97609,15.13813,14.37234,13.96629,13.67711,121.5989,11.45841,2.52E+18,0.02727107,6.247734,0.9988613,4.523883,48.03242,GALAXY,GALAXY
1.24E+18,194.9421741,27.85722778,17.36058,15.60594,14.81971,14.45253,14.17544,122.3924,6.244851,2.52E+18,0.02698871,4.439259,0.9298404,3.066741,46.9985,GALAXY,GALAXY
1.24E+18,194.1466308,28.27545748,17.38724,15.60166,14.82513,14.44142,14.13771,122.6467,7.565866,2.52E+18,0.02433419,4.179361,1,2.982312,46.02868,GALAXY,GALAXY
1.24E+18,194.7115189,28.08401229,17.67232,15.91022,15.14639,14.76117,14.4755,123.497,4.394002,2.52E+18,0.02026107,3.789284,0.8830348,2.09913,52.44607,GALAXY,GALAXY
1.24E+18,194.9795469,28.1283565,17.67762,15.85575,15.06595,14.6659,14.35653,124.0569,6.962105,2.52E+18,0.02523349,3.687623,0.8967597,2.891705,42.4722,GALAXY,GALAXY
1.24E+18,195.1842841,28.33726508,16.92377,15.19825,14.4373,14.06487,13.73953,124.8984,6.256762,2.52E+18,0.02640828,5.00535,0.8768877,3.232517,49.97006,GALAXY,GALAXY
1.24E+18,194.631666,27.67349021,18.11027,16.35757,15.58827,15.19718,14.91869,126.3538,4.105315,2.52E+18,0.02306956,2.383816,1,1.853408,50.23196,GALAXY,GALAXY
1.24E+18,194.8810037,28.04659925,17.5459,15.23153,14.40057,14.13706,13.88645,127.7291,66.26447,2.52E+18,0.02307543,6.934854,1,3.713273,48.41492,GALAXY,GALAXY
1.24E+18,195.3449065,28.19603598,17.38426,15.52895,14.77109,14.39882,14.10128,127.9055,10.9237,2.52E+18,0.02536228,5.343806,1,3.528471,47.09245,GALAXY,GALAXY
1.24E+18,194.5904395,28.14875306,17.19646,15.29681,14.51587,14.12329,13.83342,128.1461,9.43513,2.52E+18,0.02627785,6.374372,0.7118665,3.916312,51.63343,GALAXY,GALAXY
1.24E+18,194.7673068,27.95914058,18.54392,16.72718,15.94301,15.55823,15.25958,128.7535,4.034812,2.52E+18,0.02345661,2.235215,0.9565014,1.653188,39.70934,GALAXY,GALAXY
1.24E+18,194.8986303,28.55136472,17.53613,15.73222,14.95994,14.57917,14.2908,129.1858,6.919106,2.26E+18,0.02529903,3.899453,1,2.487593,44.42444,GALAXY,GALAXY
1.24E+18,194.1095759,27.72725235,18.12785,16.20881,15.4169,15.0206,14.71252,130.0083,4.632194,2.52E+18,0.02276338,2.525544,0.836637,1.949508,42.70571,GALAXY,GALAXY
1.24E+18,194.9449075,27.97384478,17.30043,15.44855,14.63608,14.25164,13.96175,130.1965,9.330845,2.52E+18,0.03141962,5.116478,0.8547359,3.789456,46.61814,GALAXY,GALAXY
1.24E+18,195.0260507,27.68529299,17.8588,16.15008,15.36422,14.98593,14.70729,130.6938,5.238038,2.52E+18,0.02516739,2.798347,1,2.217892,50.70119,GALAXY,GALAXY
1.24E+18,194.9321817,27.99468339,17.56027,15.73545,14.94331,14.53115,14.23392,130.825,6.517055,2.52E+18,0.02225102,3.425483,0.9389029,2.766288,52.54767,GALAXY,GALAXY
1.24E+18,194.4470971,27.83330903,17.38923,15.59799,14.83498,14.43712,14.16918,130.8486,4.809526,2.52E+18,0.02018767,3.844101,0.8974412,2.528122,48.89317,GALAXY,GALAXY
1.24E+18,195.1165326,27.95596939,17.65509,15.8386,15.07857,14.70368,14.40009,131.4749,7.618163,2.52E+18,0.02336195,3.214207,1,2.848926,47.52106,GALAXY,GALAXY
1.24E+18,194.4747434,28.49980677,17.60591,15.87101,15.09359,14.72491,14.4223,131.4845,5.368535,2.26E+18,0.02436011,2.877708,1,2.332514,44.59106,GALAXY,GALAXY
1.24E+18,195.2255008,27.78370368,17.514,15.77657,15.05891,14.6958,14.43489,131.6795,10.99336,2.52E+18,0.02767608,5.970019,1,4.392365,46.71839,GALAXY,GALAXY
1.24E+18,194.6466083,27.59640874,15.55081,14.17146,13.50287,13.13581,12.85175,132.3766,7.891901,2.52E+18,0.02564392,5.117198,0.6044755,3.912299,60.13598,GALAXY,GALAXY
1.24E+18,195.2469106,27.8998162,17.03921,15.23117,14.46072,14.07426,13.79398,132.4468,9.527432,7.30E+18,0.02297997,6.601604,0.8949931,4.811711,51.3778,GALAXY,GALAXY
1.24E+18,195.2335885,27.79085229,15.71162,13.76123,12.94738,12.45936,12.17013,133.7893,25.18574,2.52E+18,0.02659411,17.5613,0.6955284,12.40264,50.58364,GALAXY,GALAXY
1.24E+18,194.9464512,27.71030125,16.30031,14.57637,13.80468,13.41368,13.1468,134.2699,12.01775,2.52E+18,0.02798339,8.204112,0.8588184,4.745233,51.14471,GALAXY,GALAXY
1.24E+18,194.8079891,28.07624331,16.50253,14.82917,14.09844,13.70953,13.45736,140.8485,25.12716,2.52E+18,0.0260466,14.07311,1,7.457414,46.94498,GALAXY,GALAXY
1.24E+18,195.0753999,27.95657329,17.26337,15.41986,14.64555,14.25042,13.97796,141.0183,7.103322,2.52E+18,0.02124036,4.745432,0.9149143,2.932717,47.9383,GALAXY,GALAXY
1.24E+18,194.5232816,28.2425915,15.61214,14.50418,13.74121,13.34591,13.04179,141.4369,18.15628,2.52E+18,0.02398841,29.6732,0.1075779,12.14306,41.08204,GALAXY,GALAXY
1.24E+18,194.8538782,27.73883186,17.63632,15.85404,15.05484,14.65064,14.35853,143.478,4.656199,2.52E+18,0.02011746,3.195884,0.9012023,2.144867,46.18209,GALAXY,GALAXY
1.24E+18,194.4527875,28.18043767,17.17724,15.35762,14.59445,14.20825,13.91482,143.5069,6.36326,2.52E+18,0.02411293,3.528869,0.9923322,2.502161,49.96497,GALAXY,GALAXY
1.24E+18,195.2893101,28.03311843,18.56248,16.84314,16.10254,15.73207,15.46526,144.4059,5.366253,2.52E+18,0.02342906,1.976624,1,1.511347,39.17718,GALAXY,GALAXY
1.24E+18,194.7420974,27.59470226,17.55071,15.70385,14.91856,14.51399,14.22828,145.9651,5.533912,2.52E+18,0.02004855,3.148486,0.9705848,2.532585,49.11442,GALAXY,GALAXY
1.24E+18,195.0185023,27.9875783,16.55103,14.71623,13.94687,13.56522,13.31371,148.5636,10.79509,2.52E+18,0.02125258,6.733684,1,4.527035,50.3911,GALAXY,GALAXY
1.24E+18,194.7750944,27.99669843,16.8838,14.98997,14.1752,13.76719,13.48373,150.3041,12.38461,2.52E+18,0.02557481,6.792245,0.9701509,4.685606,49.28912,GALAXY,GALAXY
1.24E+18,195.0379776,28.17039245,17.44305,15.47676,14.7029,14.28326,14.03902,150.5338,7.441983,2.52E+18,0.02252319,5.118123,0.8371732,3.237648,52.54554,GALAXY,GALAXY
1.24E+18,194.1109329,27.83063825,16.8623,15.0077,14.23254,13.87005,13.56183,151.2569,9.685346,2.52E+18,0.02091072,4.968217,1,3.735638,50.30194,GALAXY,GALAXY
1.24E+18,195.7197522,27.86659369,16.86366,14.9948,14.25683,13.86675,13.5936,152.943,6.842984,2.52E+18,0.02738638,4.206578,0.9950594,3.789593,52.24796,GALAXY,GALAXY
1.24E+18,195.3631042,27.99919589,18.2871,16.40483,15.61084,15.19666,14.8596,157.2457,3.408232,2.52E+18,0.025495,1.389671,0.8996452,1.454065,47.74231,GALAXY,GALAXY
1.24E+18,194.9833789,28.03471481,16.6594,14.83168,14.01426,13.58994,13.26049,160.2036,10.85916,2.52E+18,0.02718822,6.498521,0.8106787,4.658681,49.16734,GALAXY,GALAXY
1.24E+18,194.9350191,27.91245479,16.6908,14.96003,14.165,13.763,13.46627,160.3199,8.539399,2.52E+18,0.02235104,5.504371,0.7634243,3.934164,56.2691,GALAXY,GALAXY
1.24E+18,194.3199323,27.61845238,17.90776,16.13091,15.32448,14.93367,14.64284,160.9093,3.40007,2.52E+18,0.02416236,1.749798,0.9475132,1.510186,54.99245,GALAXY,GALAXY
1.24E+18,194.4005506,27.4848118,17.74319,15.86697,15.05288,14.6206,14.34149,161.5946,5.475946,2.52E+18,0.02413054,3.198785,0.8355697,2.542892,53.50951,GALAXY,GALAXY
1.24E+18,195.5360839,28.38710808,16.56248,14.88164,14.05473,13.65078,13.31327,162.6609,13.64211,2.26E+18,0.02526679,7.924568,0.8969028,5.540302,33.76133,GALAXY,GALAXY
1.24E+18,194.5146235,27.81494792,17.37572,15.54642,14.74229,14.30824,14.0787,163.5694,5.555388,2.52E+18,0.0237746,3.18569,0.9789601,2.547939,55.97494,GALAXY,GALAXY
1.24E+18,194.7812122,27.76776463,17.29912,15.4328,14.65142,14.24708,13.97746,166.5502,6.991384,2.52E+18,0.02121973,3.22885,1,2.908669,49.54607,GALAXY,GALAXY
1.24E+18,195.1781325,27.97126237,16.56101,14.72975,13.9298,13.5151,13.21418,170.1306,13.69606,2.52E+18,0.02125549,5.549952,1,4.506842,51.74641,GALAXY,GALAXY
1.24E+18,194.9262656,27.92473291,17.85477,16.06898,15.26948,14.90768,14.61891,172.1409,3.52326,2.52E+18,0.02303923,1.628152,1,1.542102,48.76007,GALAXY,GALAXY
1.24E+18,194.651453,28.11373359,16.83227,14.95898,14.15214,13.73848,13.42058,172.577,8.445956,2.52E+18,0.02269549,6.168972,0.8779857,3.935526,50.95432,GALAXY,GALAXY
1.24E+18,195.2170143,28.36612746,16.25221,14.43731,13.63478,13.25985,12.93827,173.1174,12.52719,2.26E+18,0.02547665,6.516619,0.9915327,4.737503,49.17179,GALAXY,GALAXY
1.24E+18,195.1656714,27.9239338,16.64083,14.76894,14.01345,13.58688,13.2884,173.2004,10.97766,2.52E+18,0.02501526,6.121517,0.8977898,4.598617,55.49172,GALAXY,GALAXY
1.24E+18,194.8748418,27.95642781,16.65875,14.78519,13.96492,13.55658,13.28338,174.7822,14.46462,2.52E+18,0.02266739,7.112396,1,5.732519,50.36093,GALAXY,GALAXY
1.24E+18,194.0824528,27.75102718,17.09045,15.19268,14.38243,13.96511,13.66016,178.2868,6.957078,2.52E+18,0.02297527,3.756546,0.7634583,3.03127,48.6206,GALAXY,GALAXY
1.24E+18,195.684985,28.04533821,16.39874,14.47828,13.69048,13.315,13.05047,178.6898,18.41932,2.52E+18,0.02076338,8.865227,1,6.996249,49.91143,GALAXY,GALAXY
1.24E+18,194.7831015,27.85496245,17.15058,15.26591,14.44699,14.01003,13.69229,180.1696,9.064169,2.52E+18,0.02192698,4.008224,0.9735998,3.673752,56.63297,GALAXY,GALAXY
1.24E+18,194.9079504,27.90731902,17.22689,15.37539,14.55055,14.15343,13.8371,181.7785,6.182678,2.52E+18,0.02671096,3.47767,0.8927004,2.570295,50.02945,GALAXY,GALAXY
1.24E+18,194.3911915,28.48225716,15.95745,14.09012,13.25493,12.87223,12.57609,181.8105,19.3964,2.52E+18,0.0208744,9.454521,1,6.932378,51.34605,GALAXY,GALAXY
1.24E+18,195.0332914,28.07856658,17.27399,15.3977,14.6027,14.16535,13.84476,182.4925,5.289251,2.52E+18,0.0241407,2.751892,0.8124874,2.449455,56.92104,GALAXY,GALAXY
1.24E+18,194.1242194,27.94000256,17.00195,15.22096,14.43994,14.04475,13.7451,183.7329,12.73281,2.52E+18,0.02213149,4.724051,1,3.66025,56.99593,GALAXY,GALAXY
1.24E+18,194.5909591,27.96778007,16.62545,14.85468,14.05896,13.62781,13.3261,186.1314,7.35158,2.52E+18,0.0200533,4.612966,0.9296482,3.212509,58.10347,GALAXY,GALAXY
1.24E+18,194.2214079,27.92949706,17.78597,15.93496,15.1193,14.71077,14.41181,186.167,3.403714,2.52E+18,0.02040969,1.886988,0.9718236,1.703873,49.50339,GALAXY,GALAXY
1.24E+18,194.6975029,27.67471553,16.4106,14.54548,13.73456,13.32183,13.06268,186.8577,23.20899,2.52E+18,0.02796219,10.79207,1,8.749669,49.8545,GALAXY,GALAXY
1.24E+18,195.3233157,27.80907105,16.30974,14.46131,13.66054,13.23502,12.95748,186.9697,10.06679,2.52E+18,0.02435044,6.915075,0.9761099,4.760128,50.39605,GALAXY,GALAXY
1.24E+18,194.1785723,28.02045143,16.63188,14.7959,13.95752,13.5671,13.28332,188.201,17.11568,2.52E+18,0.02086722,4.92493,1,5.403894,56.80291,GALAXY,GALAXY
1.24E+18,194.7575448,28.22535628,16.64307,14.83643,14.01323,13.57534,13.25101,189.9913,9.067723,2.52E+18,0.02675356,6.473849,0.8519667,3.982377,56.97655,GALAXY,GALAXY
1.24E+18,194.6258532,28.01475326,16.38157,14.5698,13.78393,13.38037,13.10502,190.8344,13.8891,2.52E+18,0.02383802,6.632563,1,5.540974,57.45578,GALAXY,GALAXY
1.24E+18,194.9906111,28.246664,16.07481,14.18206,13.33568,12.96296,12.64011,192.6849,18.34392,2.52E+18,0.02237232,8.561917,1,7.017925,58.65046,GALAXY,GALAXY
1.24E+18,195.4592558,27.89354447,17.12726,15.31457,14.51535,14.12145,13.80558,194.2651,7.725935,2.52E+18,0.02518096,3.745817,1,2.895578,47.82047,GALAXY,GALAXY
1.24E+18,194.8046122,27.9769751,18.54757,16.69668,15.82373,15.39511,15.09033,196.0526,1.86087,7.30E+18,0.0226222,0.5883785,0,0.6945562,50.52259,GALAXY,GALAXY
1.24E+18,194.8921633,27.94683638,16.91885,15.09733,14.28028,13.86293,13.5701,200.281,5.378197,2.52E+18,0.0239514,3.66361,0.9536552,2.419482,51.36115,GALAXY,GALAXY
1.24E+18,194.2892297,27.4664034,16.83393,14.91331,14.07997,13.65132,13.33038,200.4899,7.448275,2.52E+18,0.02485023,3.760257,0.9916436,3.025679,58.88977,GALAXY,GALAXY
1.24E+18,194.7841657,27.7841177,16.64039,14.73416,13.93037,13.49947,13.19974,205.2726,9.146886,2.52E+18,0.02344777,5.650623,0.9666058,3.734946,50.82515,GALAXY,GALAXY
1.24E+18,194.3993879,27.49323474,16.68354,14.74133,13.90561,13.47234,13.16848,208.4435,8.418326,2.52E+18,0.0243872,4.436019,0.8284944,3.647535,51.13561,GALAXY,GALAXY
1.24E+18,195.2026949,28.09073595,16.54008,14.667,13.8521,13.42195,13.09182,208.52,7.895012,2.52E+18,0.02324185,5.502081,0.7953979,3.897361,51.94319,GALAXY,GALAXY
1.24E+18,195.0746969,28.20239818,15.69563,13.82683,13.00685,12.59521,12.26838,232.7268,14.76828,2.52E+18,0.02844437,13.23809,0.7418467,6.108728,52.50493,GALAXY,GALAXY
1.24E+18,194.386816,27.61034689,16.24524,14.30946,13.47402,13.0602,12.76847,238.1468,10.41866,2.52E+18,0.02012796,5.663945,1,4.755214,60.11086,GALAXY,GALAXY
1.24E+18,194.3831427,28.47694255,15.17142,13.31486,12.46122,12.06118,11.76212,238.8069,30.89243,2.26E+18,0.02256766,14.93489,1,10.90713,50.89704,GALAXY,GALAXY
1.24E+18,194.8725257,27.85015661,17.16924,15.28307,14.43639,14.00039,13.72991,242.9956,5.451975,2.52E+18,0.02264451,3.589266,1,3.037109,51.90555,GALAXY,GALAXY
1.24E+18,194.7662502,28.12369807,15.98393,14.01054,13.17058,12.74074,12.47249,262.9535,14.40825,2.52E+18,0.0264517,8.587951,1,5.719697,52.69114,GALAXY,GALAXY
1.24E+18,195.4738794,27.62444603,15.54035,13.59538,12.75545,12.32773,12.05193,263.9836,21.4684,2.52E+18,0.02621074,10.35095,1,8.877885,54.01733,GALAXY,GALAXY
1.24E+18,194.8987713,27.95926328,14.66661,12.79836,11.9901,11.52812,11.23766,265.7244,48.51635,2.52E+18,0.02390867,29.67989,0.6837885,13.46841,54.66787,GALAXY,GALAXY
1.24E+18,195.4898905,28.00583647,16.14003,14.20773,13.34267,12.87827,12.5191,267.6116,15.68559,2.52E+18,0.02574884,9.892246,0.9038497,6.004062,49.51673,GALAXY,GALAXY
1.24E+18,194.3514895,27.49781561,15.30019,13.3851,12.45899,12.0251,11.78176,268.8111,28.69834,2.52E+18,0.02447844,20.11736,0.8532773,11.23915,58.64795,GALAXY,GALAXY
1.24E+18,195.0338618,27.97694093,14.38514,12.34633,11.52409,11.22058,10.84526,369.672,38.16121,2.52E+18,0.02150175,29.67856,0.7626967,14.23202,53.26931,GALAXY,GALAXY
